{
  "model_name": "all-mpnet-base-v2",
  "text_format": "instruction_only",
  "max_context_chars": 2000,
  "normalize": true,
  "train_size": 4979,
  "test_size": 1245,
  "label_distribution": {
    "all": [
      3324,
      2900
    ],
    "train": [
      2659,
      2320
    ],
    "test": [
      665,
      580
    ]
  },
  "test_acc": 0.8771084337349397,
  "test_f1_macro": 0.8768768069993775,
  "test_f1_weighted": 0.8772414046386884,
  "test_f1_binary": 0.871536523929471,
  "confusion_matrix": [
    [
      573,
      92
    ],
    [
      61,
      519
    ]
  ],
  "grey_zone_rate": 0.03132530120481928
}