{
  "model_name": "all-mpnet-base-v2",
  "text_format": "instruction_sep_context",
  "max_context_chars": 2000,
  "normalize": true,
  "train_size": 4979,
  "test_size": 1245,
  "label_distribution": {
    "all": [
      3324,
      2900
    ],
    "train": [
      2659,
      2320
    ],
    "test": [
      665,
      580
    ]
  },
  "test_acc": 0.9381526104417671,
  "test_f1_macro": 0.9378420663938672,
  "test_f1_weighted": 0.9381420237128614,
  "test_f1_binary": 0.9334485738980121,
  "confusion_matrix": [
    [
      628,
      37
    ],
    [
      40,
      540
    ]
  ],
  "grey_zone_rate": 0.027309236947791166
}