{
  "model_name": "all-MiniLM-L6-v2",
  "text_format": "instruction_sep_context",
  "max_context_chars": 2000,
  "normalize": true,
  "train_size": 4979,
  "test_size": 1245,
  "label_distribution": {
    "all": [
      3324,
      2900
    ],
    "train": [
      2659,
      2320
    ],
    "test": [
      665,
      580
    ]
  },
  "test_acc": 0.9413654618473896,
  "test_f1_macro": 0.9410435266590165,
  "test_f1_weighted": 0.941340966778709,
  "test_f1_binary": 0.9366869037294016,
  "confusion_matrix": [
    [
      632,
      33
    ],
    [
      40,
      540
    ]
  ],
  "grey_zone_rate": 0.017670682730923693
}